"37 Sharp Street, Newtown VIC 3220","-38.1580694,144.3447613"
"55 Bank Street, Traralgon VIC 3844","-38.2029646,146.5211431"
"2 The Causeway, Kingston ACT 2604","-35.3152021,149.1485937"
"15 Brockhoff Drive, Burwood VIC 3125","-37.8593784,145.108815"
"101 Crozier Avenue, Melrose Park SA 5039","-34.9875146,138.5805546"
"15 Sixth Street, Dublin SA 5501","-34.4530834,138.3488471"
"11 Cunningham Street, Tullamore NSW 2874","-32.6324556,147.5637875"
"13 John Monash Blvd, Mildura VIC 3500","-34.2096628,142.1236307"
"16 Elder Terrace, Hawker SA 5434","-31.8915836,138.4230309"
"29 Hill Street, East Tamworth NSW 2340","-31.0930933,150.9349315"
"10 The Oaks, Hillside VIC 3037",
"12 Archibald Street, Lockington VIC 3563",
"114 Everton Street, Hamilton NSW 2303",
"7 Oddfellows St, Toodyay WA 6566",
"42 Carrington Street, South Kalgoorlie WA 6430",
"26 Curtis Avenue, Taren Point NSW 2229",
"19 Allawah Street, Blacktown NSW 2148",
"86 Castlereagh Street, Tahmoor NSW 2573",
"11 Oliver Parade, Nowra NSW 2541",
"3 Woodgates Road, Buchan VIC 3885",
"75 Old Waratah Road, Fish Creek VIC 3959",
"2/8 McLeod Street, Yarrawonga VIC 3730",
"2 Olympic Street, Mansfield VIC 3722",
"50 Opal Street, Lightning Ridge NSW 2834",
"29 Eyre Street, Charleville QLD 4470",
"61 Edington Street, Berserker QLD 4701",
"7 Romeo Street, Mackay QLD 4740",
"20B Reynolds Street, Nebo QLD 4742",
"41 Bellevue Drive, Port Macquarie NSW 2444",
"74 Severn Street, Deepwater NSW 2371",
"27 Bangalow Crescent, Raceview QLD 4305",
"71 Akonna Street, Wynnum QLD 4178",
"4 Wesleyn Ct, Logan Village QLD 4207",
"18 Godfrey Street, Glenmorgan QLD 4423",
"76 Yappar Street, Karumba QLD 4891",
"14 Lorna Lim Terrace, Driver NT 0830",
"31 Cockatiel Road, Lloyd Creek NT 0822",
"5 Kintore St, Katherine South NT 0850",
"68 Hartley Street, Alice Springs NT 0870",
"17 Eyre Street, Coober Pedy SA 5723",
"62 Angove Street, Norseman WA 6443",
"4 Breaksea Cres, Collingwood Heights WA 6330",
"28 Osborne Street, Gracetown WA 6284",
"94 Wittenoom St, Collie WA 6225",
"92 Cawana Parkway, Lakelands WA 6180",
"41 Norman Rd, Roleystone WA 6111",
"48 Lennon Street, Wiluna WA 6646",
"24 French Street, Coral Bay WA 6701",
"45 Padbury Way, Bulgarra WA 6714",
"35 Slattery St, Werribee VIC 3030",
"5 Sadler Place, Fitzroy Crossing WA 6765",
"66 Adelaide St, Birdsville QLD 4482",
"32A Hopetoun Road, Warrnambool VIC 3280",
"142-144 Mountjoy Parade, Lorne VIC 3232",
"Unit 4, 8 Pine Avenue, Elwood VIC 3185",
"8 Cavanagh St, Augathella QLD 4477",
"11 First Avenue, Stuarts Point NSW 2441",
"30 Wallace St, Scotts Head NSW 2447",
"51 George St, Inglewood QLD 4387",
"Unit 2/8-10 Arwen St, Maroochydore QLD 4558",
